current_product_name,current_rule,row_count,meta_spend,meta_gmv,conversions,top_ad_name_pattern,sample_ad_name,manual_product_name,manual_action,manual_notes
唇部精华,ad_name 第一段清洗素材后缀后作为产品；清洗 tt/搬运/广告副本/Copy/TikSave/帖子 等尾巴,19203,57130.91,124835.16,2935,唇部精华 / image / US,唇部精华__image_LS-1802-4-DAILY-Erika.CR-9-16 -PUGC-SHADES-IGS-GAVINA-ORI_SC2602190384 - Copy 3,,,
美白4件套,ad_name 第一段清洗素材后缀后作为产品；清洗 tt/搬运/广告副本/Copy/TikSave/帖子 等尾巴,12442,28256.96,64103.67,978,美白4件套 / image / 美白套装,美白4件套__image_4PCS-1004-7-DAILY-Erika.NT-9-16 -PUGC-TIPS-IGS-GAVINA-ORI copy.jpg_SC2604110003 - Copy,,,
水光气垫,ad_name 第一段清洗素材后缀后作为产品；清洗 tt/搬运/广告副本/Copy/TikSave/帖子 等尾巴,11017,26890.16,58095.75,1314,水光气垫 / 图片 / US,水光气垫__P_PC-2912-5-DAILY-Jasmine.CL-1-1-PUGC-SHADES-IGF-MURPHY-ORI_SC2512300312 - Copy 5,,,
跨品类,ad_name 包含“跨品类/跨类目”时才归为跨品类,8633,25478.35,54826.83,848,跨品类 / 图片 / US,跨品类__image_BSM-1604-6-DAILY-Erika.CL-9-16 -PUGC-BEST SELLER-IGS-GAVINA-ORI_SC2604220245,,,
水油喷雾,ad_name 第一段清洗素材后缀后作为产品；清洗 tt/搬运/广告副本/Copy/TikSave/帖子 等尾巴,9051,23475.54,48815.19,829,水油喷雾 / 图片 / US,水油喷雾__image_SS-1703-12-DAILY-Erika.CL-9-16 -PUGC-USP-IGS-GAVINA-ORI_SC2603300016 - Copy,,,
泥膜棒合集,ad_name 第一段清洗素材后缀后作为产品；清洗 tt/搬运/广告副本/Copy/TikSave/帖子 等尾巴,8505,21384.04,43121.77,1046,泥膜棒合集 / image / US,泥膜棒合集_帖子__yayayayoung-DXJBBeyxM6I_US-DXJBBeyxM6I - Copy,,,
气垫合集,ad_name 第一段清洗素材后缀后作为产品；清洗 tt/搬运/广告副本/Copy/TikSave/帖子 等尾巴,7443,20931.29,48320.15,988,气垫合集 / video / [IG ORDER]-SX-PCS-317-6-TT-AN.RN-SKT.GLOBAL,气垫合集__P_Murphy-BC-P916-010801-IGS气垫合集_SC2601120005 - Copy,,,
面霜合集,ad_name 第一段清洗素材后缀后作为产品；清洗 tt/搬运/广告副本/Copy/TikSave/帖子 等尾巴,6357,17691.59,42637.45,681,面霜合集 / P / Murphy-5XM-P916-122905-IGS-对比,面霜合集__image_5XM-1304-11-DAILY-Natasha.CL-4-5-PUGC-COMPARE-FB-GAVINA-ORI_SC2604220248,,,
美白面膜,ad_name 第一段清洗素材后缀后作为产品；清洗 tt/搬运/广告副本/Copy/TikSave/帖子 等尾巴,7616,13116.58,31518.45,503,美白面膜 / image / BSM-0904-3-DAILY-Jasmine.CR-4-5-PUGC-BA-FB-GAVINA-ORI,美白面膜__image_BSM-0904-3-DAILY-Jasmine.CR-4-5-PUGC-BA-FB-GAVINA-ORI_SC2604130177,,,
火山泥膜棒,ad_name 第一段清洗素材后缀后作为产品；清洗 tt/搬运/广告副本/Copy/TikSave/帖子 等尾巴,7084,12652.47,23958.61,530,火山泥膜棒 / video / tiktok搬运,火山泥膜棒_帖子__V_DU9jh4biTix_yayayayoung - Copy 3,,,
哑光防晒,ad_name 第一段清洗素材后缀后作为产品；清洗 tt/搬运/广告副本/Copy/TikSave/帖子 等尾巴,3603,11795.4,25660.37,390,哑光防晒 / image / AS-0203-3-SALE-Jasmine.CL-4-5-PUGC-BA-IGF-GAVINA-ORI,哑光防晒__image_AS-0203-3-SALE-Jasmine.CL-4-5-PUGC-BA-IGF-GAVINA-ORI_SC2603090210 - Copy,,,
防晒合集,ad_name 第一段清洗素材后缀后作为产品；清洗 tt/搬运/广告副本/Copy/TikSave/帖子 等尾巴,4551,8273.68,19550.93,302,防晒合集 / image / 5XS-1304-6-DAILY-Erika.CL-9-16 -PUGC-COMPARE-IGS-GAVINA-ORI,防晒合集__image_MS-3103-1-DAILY-Jasmine.NT-4-5-PUGC-COMPARE-IGF-GAVINA-ORI copy_SC2604010441,,,
5X面霜,ad_name 第一段清洗素材后缀后作为产品；清洗 tt/搬运/广告副本/Copy/TikSave/帖子 等尾巴,3301,8127.85,16763.92,283,5X面霜 / image / 5XM-2404-7-DAILY-Natasha.NT-4-5-PUGC-BA-IGF-GAVINA-ORI copy,5X面霜__image_5XM-1704-12-DAILY-Natasha.CR-4-5-PUGC-GIMMICK-FB-GAVINA-ORI_SC2604230133,,,
底妆合集,ad_name 第一段清洗素材后缀后作为产品；清洗 tt/搬运/广告副本/Copy/TikSave/帖子 等尾巴,2257,7852.67,18117.4,327,底妆合集 / 图片 / US,底妆合集__image_PC-2204-5-DAILY-Erika.CR-9-16 -PUGC-COMPARE-IGS-GAVINA-ORI_SC2604230138,,,
水光肌3件套,ad_name 第一段清洗素材后缀后作为产品；清洗 tt/搬运/广告副本/Copy/TikSave/帖子 等尾巴,3327,7208.26,16976.17,277,水光肌3件套 / image / LS-1603-2-DAILY-Jasmine.CL-9-16 -PUGC-COMBINE-IGS-GAVINA-ORI,水光肌3件套__image_LS-1603-2-DAILY-Jasmine.CL-9-16 -PUGC-COMBINE-IGS-GAVINA-ORI_SC2603300011 - Copy,,,
PDRN面霜,ad_name 第一段清洗素材后缀后作为产品；清洗 tt/搬运/广告副本/Copy/TikSave/帖子 等尾巴,2326,6342.57,11319.64,182,PDRN面霜 / 图片 / US,"PDRN面霜__视频_[TT HOME]-SX-PDM-511-5-TT-LS.RN-US store, IG_JJTjEP20260511012438",,,
PDRN水油喷雾,ad_name 第一段清洗素材后缀后作为产品；清洗 tt/搬运/广告副本/Copy/TikSave/帖子 等尾巴,1490,6115.92,13972.72,227,PDRN水油喷雾 / 图片 / US,PDRN水油喷雾__image_PDRN水油喷雾__P_PDRNSS-2105-7-D-Nurin_SC2605210268_SC2605270132,,,
粉饼,ad_name 第一段清洗素材后缀后作为产品；清洗 tt/搬运/广告副本/Copy/TikSave/帖子 等尾巴,1256,5713.52,10177.34,277,粉饼 / video / tiktok搬运 - Copy 2,粉饼__video_tiktok搬运,,,
护肤套组,ad_name 第一段清洗素材后缀后作为产品；清洗 tt/搬运/广告副本/Copy/TikSave/帖子 等尾巴,3051,4675.1,8553.12,136,护肤套组 / image / US,护肤套组__image_SS-2603-2-DAILY-Jasmine.CR-4-5-PUGC-COMPARE-IGF-GAVINA-ORI_SC2603270127,,,
美白3件套,ad_name 第一段清洗素材后缀后作为产品；清洗 tt/搬运/广告副本/Copy/TikSave/帖子 等尾巴,1141,4629.18,14156.9,213,美白3件套 / video / [TT HOME]-SX-MIX-504-1-TT-LS.AM-US store,美白3件套__video_[TT HOME]-SX-MIX-504-1-TT-LS.AM-US store_JJ4t6N20260504043853 - Copy,,,
有色面霜,ad_name 第一段清洗素材后缀后作为产品；清洗 tt/搬运/广告副本/Copy/TikSave/帖子 等尾巴,412,4557.57,9599.17,193,有色面霜 / 图片 / US,有色面霜__image_Gavina-ST-P45-052504-产品对比_SC2605260119,,,
金色气垫,ad_name 第一段清洗素材后缀后作为产品；清洗 tt/搬运/广告副本/Copy/TikSave/帖子 等尾巴,1598,3793.14,8231.73,151,金色气垫 / image / GC-2304-10-DAILY-Natasha.NT-4-5-PUGC-KOL VIDEO-FB-GAVINA-ORI,金色气垫__image_GC-1604-9-DAILY-Natasha.CL-4-5-PUGC-BA-IGF-GAVINA-ADP_SC2604220269 - Copy,,,
蓝色气垫,ad_name 第一段清洗素材后缀后作为产品；清洗 tt/搬运/广告副本/Copy/TikSave/帖子 等尾巴,1400,3707.0,7189.82,124,蓝色气垫 / 图片 / US,蓝色气垫__image_BC-1803-4-DAILY-Jasmine.NT-4-5-PUGC-COMPARE-FB-GAVINA-ORI copy_SC2603250044,,,
水光肌2件套,ad_name 第一段清洗素材后缀后作为产品；清洗 tt/搬运/广告副本/Copy/TikSave/帖子 等尾巴,1620,3293.96,7447.03,133,水光肌2件套 / 图片 / US,水光肌2件套__P_SS-0302-2-DAILY-Jasmine.CL-1-1-PUGC-SHADES-FB-MURPHY-ORI_SC2602040725 - Copy,,,
PDRN泥膜棒,ad_name 第一段清洗素材后缀后作为产品；清洗 tt/搬运/广告副本/Copy/TikSave/帖子 等尾巴,1878,2902.27,5408.63,97,"PDRN泥膜棒 / 视频 / [TT HOME]-SX-CS-603-2-TT-AL.RN-IG, GLOBAL",PDRN泥膜棒__视频_[TT HOME]-SX-CS-511-1-IG-LS.NC-V_JJvASx20260511010210,,,
素颜霜,ad_name 第一段清洗素材后缀后作为产品；清洗 tt/搬运/广告副本/Copy/TikSave/帖子 等尾巴,3952,2759.7,4237.01,70,素颜霜 / image / DC-0204-7-DAILY-Erika.NT-4-5-PUGC-BA-IGF-GAVINA-ORI copy,素颜霜__image_DC-1604-1-DAILY-Jasmine.NT-4-5-PUGC-BA-IGF-GAVINA-ORI copy_SC2604170193,,,
有色面霜3件套,ad_name 第一段清洗素材后缀后作为产品；清洗 tt/搬运/广告副本/Copy/TikSave/帖子 等尾巴,802,2175.76,4002.84,73,有色面霜3件套 / video / [both]-SX-MIX-413-4-TT-LS.RN-US Lip Care,有色面霜3件套__video_[both]-SX-MIX-413-4-TT-LS.RN-US Lip Care_JJBuAR20260413042928 - Copy 2,,,
防晒集合（哑光、美白、5X等）,ad_name 第一段清洗素材后缀后作为产品；清洗 tt/搬运/广告副本/Copy/TikSave/帖子 等尾巴,45,2106.23,4182.46,71,防晒集合（哑光、美白、5X等） / image / AS-0303-8-SALE-Erika.CR-4-5-PUGC-COMPARE-IGF-GAVINA-ORI,防晒集合（哑光、美白、5X等）__image_AS-0203-3-SALE-Jasmine.CL-4-5-PUGC-BA-IGF-GAVINA-ORI_SC2603090210 - Copy 2,,,
5X防晒,ad_name 第一段清洗素材后缀后作为产品；清洗 tt/搬运/广告副本/Copy/TikSave/帖子 等尾巴,2073,2093.94,5808.25,81,5X防晒 / image / 5XS-1304-8-DAILY-Erika.CR-4-5-PUGC-USP-IGF-GAVINA-ORI,5X防晒__image_5XS-1304-5-DAILY-Erika.CR-4-5-PUGC-BA-IGF-GAVINA-ORI_SC2604140346 - Copy,,,
4件套,ad_name 第一段清洗素材后缀后作为产品；清洗 tt/搬运/广告副本/Copy/TikSave/帖子 等尾巴,457,1943.21,4033.77,58,4件套 / image / 美白套装,4件套__image_4PCS-1004-8-DAILY-Erika.CR-4-5-PUGC-BA-IGF-GAVINA-ORI_SC2604130208,,,
美白面霜,ad_name 第一段清洗素材后缀后作为产品；清洗 tt/搬运/广告副本/Copy/TikSave/帖子 等尾巴,1840,1617.38,3140.49,44,美白面霜 / image / MSH-0704-10-DAILY-Natasha.NT-4-5-PUGC-USP-IGS-GAVINA-ADP copy,美白面霜__image_MSH-0603-10-SALE-Erika.NT-9-16 -PUGC-BA-IGS-GAVINA-ORI copy_SC2603110489,,,
艾草泥膜棒,ad_name 第一段清洗素材后缀后作为产品；清洗 tt/搬运/广告副本/Copy/TikSave/帖子 等尾巴,1274,1596.22,2807.79,52,艾草泥膜棒 / 帖子 / chicandrise-DXUoAOiDUt8,艾草泥膜棒_帖子__chicandrise-DXUoAOiDUt8_US-DXUoAOiDUt8 - Copy,,,
道歉信,人工规则：利益点广告中包含“道歉信”时归为道歉信,405,1094.22,1958.76,35,利益点 / image / 独立站利益点,利益点__image_独立站利益点_HT_道歉信02_0608_SC2606100070 - Copy,,,
磨皮棉片,ad_name 第一段清洗素材后缀后作为产品；清洗 tt/搬运/广告副本/Copy/TikSave/帖子 等尾巴,747,1093.16,1955.12,30,磨皮棉片 / image / 磨皮棉片,磨皮棉片__图片_EP-1004-2-DAILY-Jasmine.CR-4-5-PUGC-USER REVIEW-FB-GAVINA-ORI_SC2604130163,,,
灰调玫瑰唇部精华,ad_name 第一段清洗素材后缀后作为产品；清洗 tt/搬运/广告副本/Copy/TikSave/帖子 等尾巴,113,1085.19,1611.83,41,灰调玫瑰唇部精华 / 帖子 / melinda,灰调玫瑰唇部精华_帖子__adamska_ugc-DVy-H36CAAn_US-DVy-H36CAAn,,,
美白多件套,ad_name 第一段清洗素材后缀后作为产品；清洗 tt/搬运/广告副本/Copy/TikSave/帖子 等尾巴,1110,884.88,2179.47,30,美白多件套 / image / BSM-0705-9-DAILY-Erika.NT-4-5-PUGC-JOURNEY-IGF-GAVINA-ORI copy,美白多件套__图片_Gavina-PC+5pcs-P916-042704-化妆步骤_SC2604300135,,,
377面霜,ad_name 第一段清洗素材后缀后作为产品；清洗 tt/搬运/广告副本/Copy/TikSave/帖子 等尾巴,150,719.48,1031.79,17,377面霜 / 图片 / US,377面霜__image_US_Franco_SRC_darkspot_darkspot02_CONSI__ProductHero_0609_SC2606100127 - Copy,,,
有色防晒,ad_name 第一段清洗素材后缀后作为产品；清洗 tt/搬运/广告副本/Copy/TikSave/帖子 等尾巴,151,709.05,2754.44,55,有色防晒 / 图片 / US,有色防晒_帖子__mizuki.hiroyuki_-DXwxCSMy0VL_US-DXwxCSMy0VL,,,
美白泥膜棒,ad_name 第一段清洗素材后缀后作为产品；清洗 tt/搬运/广告副本/Copy/TikSave/帖子 等尾巴,500,693.6,825.02,12,美白泥膜棒 / image / 美白泥膜棒,美白泥膜棒__视频_[TT HOME]-SX-CS-422-7-TT-LS.RN-US Beauty_JJDJDv20260422034435,,,
美白防晒,ad_name 第一段清洗素材后缀后作为产品；清洗 tt/搬运/广告副本/Copy/TikSave/帖子 等尾巴,810,668.15,1135.93,22,美白防晒 / image / Gavina-BS-P45-051407-功效,美白防晒__图片_Gavina-BS-P916-051405-BA_SC2605150070,,,
水油喷雾+气垫,ad_name 第一段清洗素材后缀后作为产品；清洗 tt/搬运/广告副本/Copy/TikSave/帖子 等尾巴,254,661.39,1489.61,23,水油喷雾+气垫 / image / SS-1803-3-DAILY-Jasmine.CL-4-5-PUGC-COMPARE-IGF-GAVINA-ORI,水油喷雾+气垫__视频_[TK]-SX-BSS+MCS-304-9-IG-LS.NC-V_JJ9bo920260304023727 - Copy,,,
combo:粉气垫+水油喷雾,ad_name 第一段清洗素材后缀后作为产品；清洗 tt/搬运/广告副本/Copy/TikSave/帖子 等尾巴,5,623.19,1221.25,21,combo:粉气垫+水油喷雾 / 帖子 / nirishbeauty-DXtzNUWkaay,combo:粉气垫+水油喷雾_帖子__nirishbeauty-DXtzNUWkaay_US-DXtzNUWkaay,,,
彩妆多件套,ad_name 第一段清洗素材后缀后作为产品；清洗 tt/搬运/广告副本/Copy/TikSave/帖子 等尾巴,257,487.93,1168.02,23,彩妆多件套 / 视频 / [TT HOME]-SX-MIX-422-1-TT-LS.RN-US store,彩妆多件套__P_Murphy-LS-P916-011602-IGS-搭配_SC2601190411 - Copy 2,,,
5X面霜清爽版,ad_name 第一段清洗素材后缀后作为产品；清洗 tt/搬运/广告副本/Copy/TikSave/帖子 等尾巴,434,336.17,642.19,12,5X面霜清爽版 / 图片 / 5x面霜light,5X面霜清爽版__image_Gavina-5XL-P45-052007-成分&技术_SC2605210039,,,
精华合集,ad_name 第一段清洗素材后缀后作为产品；清洗 tt/搬运/广告副本/Copy/TikSave/帖子 等尾巴,200,278.33,699.59,12,精华合集 / image / US,精华合集__image_US_Franco_SRC_377serum_377serum061014_CONSI_serumcompare_ProductHero_0610 copy_SC2606100472,,,
PDRN2件套,ad_name 第一段清洗素材后缀后作为产品；清洗 tt/搬运/广告副本/Copy/TikSave/帖子 等尾巴,148,249.79,439.0,5,PDRN2件套 / 图片 / PDRN水油喷雾,"PDRN2件套__视频_[TT HOME]-SX-MIX-602-9-TT-MM.AM-IG, GLOBAL_JJskEk20260602124104",,,
护肤步骤,ad_name 第一段清洗素材后缀后作为产品；清洗 tt/搬运/广告副本/Copy/TikSave/帖子 等尾巴,176,220.42,576.05,6,护肤步骤 / 图片 / US,护肤步骤__图片_US_Franco_beginner-skincare-guide_consi_guide_beginner-routine_0611 copy_SC2606150579,,,
有色面霜2件套,ad_name 第一段清洗素材后缀后作为产品；清洗 tt/搬运/广告副本/Copy/TikSave/帖子 等尾巴,271,216.22,175.99,4,有色面霜2件套 / video / [IG ORDER]-SX-MIX-408-7-TT-SZ.RN-IG,有色面霜2件套__video_[IG ORDER]-SX-MIX-408-7-TT-SZ.RN-IG_JJO1Lr20260408030838 - Copy 2,,,
3件套：唇部精华+金色/水光气垫+水油喷雾,ad_name 第一段清洗素材后缀后作为产品；清洗 tt/搬运/广告副本/Copy/TikSave/帖子 等尾巴,57,206.6,716.87,11,3件套：唇部精华+金色/水光气垫+水油喷雾 / 帖子 / awnaartistry-DXe2CskAk7m,3件套：唇部精华+金色/水光气垫+水油喷雾_帖子__awnaartistry-DXe2CskAk7m_US-DXe2CskAk7m,,,
"水光气垫,唇部精华,水油喷雾",ad_name 第一段清洗素材后缀后作为产品；清洗 tt/搬运/广告副本/Copy/TikSave/帖子 等尾巴,47,174.64,574.25,8,"水光气垫,唇部精华,水油喷雾 / 帖子 / federicaabegnoni-DZsikVnoxKc","水光气垫,唇部精华,水油喷雾_帖子__akkinom_US-DZvD692uM1D",,,
5X4件套,ad_name 第一段清洗素材后缀后作为产品；清洗 tt/搬运/广告副本/Copy/TikSave/帖子 等尾巴,319,163.49,510.04,7,5X4件套 / 图片 / 护肤步骤,5X4件套__图片_Gavina-5PCS-P916-043007-步骤_SC2605060009,,,
PDRN精华,ad_name 第一段清洗素材后缀后作为产品；清洗 tt/搬运/广告副本/Copy/TikSave/帖子 等尾巴,60,152.6,339.9,4,PDRN精华 / 图片 / US,PDRN精华__图片_US_Franco_PDRN-AMP-01-1806_conv_BA_ampoule-glow_0619 copy_SC2606210016 - 广告副本,,,
combo : 有色面霜+水油喷雾,ad_name 第一段清洗素材后缀后作为产品；清洗 tt/搬运/广告副本/Copy/TikSave/帖子 等尾巴,75,152.21,299.99,6,combo : 有色面霜+水油喷雾 / 图片 / CN-MAKEUPCOMBO-01,combo : 有色面霜+水油喷雾__video_[IG ORDER]-SX-MIX-408-7-TT-SZ.RN-IG_JJO1Lr20260408030838,,,
VC双舱精华,ad_name 第一段清洗素材后缀后作为产品；清洗 tt/搬运/广告副本/Copy/TikSave/帖子 等尾巴,347,134.49,151.35,3,VC双舱精华 / 帖子 / tati,VC双舱精华_帖子__krizia_raso-DXjipllDJrv_US-DXjipllDJrv,,,
泥膜棒套装,ad_name 第一段清洗素材后缀后作为产品；清洗 tt/搬运/广告副本/Copy/TikSave/帖子 等尾巴,310,119.48,409.74,6,"泥膜棒套装 / video / [TT HOME]-SX-CSS-515-1-TT-AL.RN-US store, IG",泥膜棒套装__视频_[TT HOME]-SX-CS-424-4-IG-AL.NC-V_JJm8PI20260424074831,,,
护肤流程,ad_name 第一段清洗素材后缀后作为产品；清洗 tt/搬运/广告副本/Copy/TikSave/帖子 等尾巴,12,117.14,91.11,2,护肤流程 / 图片 / US,护肤流程__图片_US_Franco_nbs_nbs06_CONSI_skintype_ProductHero_0604 copy_SC2606040600,,,
唇部精华+气垫,ad_name 第一段清洗素材后缀后作为产品；清洗 tt/搬运/广告副本/Copy/TikSave/帖子 等尾巴,193,95.68,263.64,4,唇部精华+气垫 / image / LS-1304-3-DAILY-Jasmine.CL-4-5-PUGC-BA-IGF-GAVINA-ORI,唇部精华+气垫__image_LS-1304-3-DAILY-Jasmine.CL-4-5-PUGC-BA-IGF-GAVINA-ORI_SC2604220235,,,
combo:PDRN面霜+素颜霜,ad_name 第一段清洗素材后缀后作为产品；清洗 tt/搬运/广告副本/Copy/TikSave/帖子 等尾巴,11,92.41,276.24,6,combo:PDRN面霜+素颜霜 / 图片 / US,combo:PDRN面霜+素颜霜__图片_US_Franco_GLOW-DUO-02-1606_consi_routine_day-night_0617 copy_SC2606170395,,,
2件套泥膜棒：火山+艾草,ad_name 第一段清洗素材后缀后作为产品；清洗 tt/搬运/广告副本/Copy/TikSave/帖子 等尾巴,110,78.06,67.94,2,2件套泥膜棒：火山+艾草 / 帖子 / tanyats.beauty-DX9cyWks9TD,2件套泥膜棒：火山+艾草_帖子__dariaavtoriteta-DXrw1uCiKGo,,,
红色磨皮精华,ad_name 第一段清洗素材后缀后作为产品；清洗 tt/搬运/广告副本/Copy/TikSave/帖子 等尾巴,91,52.92,209.88,2,红色磨皮精华 / image / Gavina-12%PS-P916-051902-成分&技术,红色磨皮精华__image_Gavina-12%PS-P45-051901-成分&技术_SC2605200116,,,
PDRN次抛精华,ad_name 第一段清洗素材后缀后作为产品；清洗 tt/搬运/广告副本/Copy/TikSave/帖子 等尾巴,29,45.77,0.0,0,PDRN次抛精华 / 图片 / US,PDRN次抛精华__图片_US_Franco_AMPOULE-SALE-01-2506_conv_ampoule-promo_PDRN-ampoule copy_SC2606260045,,,
5X5件套,ad_name 第一段清洗素材后缀后作为产品；清洗 tt/搬运/广告副本/Copy/TikSave/帖子 等尾巴,49,42.87,88.9,2,5X5件套 / 图片 / 护肤步骤,5X5件套__图片_护肤步骤_5pcs_夏季步骤_03_SC2606020048,,,
377精华,ad_name 第一段清洗素材后缀后作为产品；清洗 tt/搬运/广告副本/Copy/TikSave/帖子 等尾巴,57,42.77,0.0,0,377精华 / 图片 / US,377精华__图片_US_Franco_TH_377serum_377serum061003_CONSI_glowroutinematch_ProductHero_0610_SC2606110197,,,
亚马逊白泥固体泥膜,ad_name 第一段清洗素材后缀后作为产品；清洗 tt/搬运/广告副本/Copy/TikSave/帖子 等尾巴,227,42.73,99.88,1,"亚马逊白泥固体泥膜 / 视频 / [TT ADS]-SX-CS-602-5-TT-MM.MM-IG, GLOBAL","亚马逊白泥固体泥膜__视频_[TT ADS]-SX-CS-602-5-TT-MM.MM-IG, GLOBAL_JJOEPj20260602042625 - Copy",,,
3件套,ad_name 第一段清洗素材后缀后作为产品；清洗 tt/搬运/广告副本/Copy/TikSave/帖子 等尾巴,33,39.49,0.0,0,3件套 / 图片 / US,3件套__图片_US_Franco_ID_set_set01_CONSI_skingoal_ProductHero_0608_SC2606090108,,,
PDRN四件套,ad_name 第一段清洗素材后缀后作为产品；清洗 tt/搬运/广告副本/Copy/TikSave/帖子 等尾巴,19,34.67,122.04,2,PDRN四件套 / 图片 / US,PDRN四件套__图片_US_Franco_PDRN-CART-01-2406_conv_cart-sale_moisturizer-stock-up_0624 copy_SC2606240510,,,
combo：磨皮棉片+水油喷雾,ad_name 第一段清洗素材后缀后作为产品；清洗 tt/搬运/广告副本/Copy/TikSave/帖子 等尾巴,13,33.24,76.18,1,combo：磨皮棉片+水油喷雾 / 图片 / US,combo：磨皮棉片+水油喷雾__图片_US_Franco_GLOW-RESET-01-2506_conv_glow-reset-promo_mask-pads copy_SC2606260046,,,
气垫+水油喷雾,ad_name 第一段清洗素材后缀后作为产品；清洗 tt/搬运/广告副本/Copy/TikSave/帖子 等尾巴,13,26.66,0.0,0,气垫+水油喷雾 / 图片 / CN-MAKEUPCOMBO-01,气垫+水油喷雾__图片_CN-MAKEUPCOMBO-01_SC2606150050,,,
3773件套,ad_name 第一段清洗素材后缀后作为产品；清洗 tt/搬运/广告副本/Copy/TikSave/帖子 等尾巴,51,26.31,40.08,1,3773件套 / 图片 / US,3773件套__图片_US_Franco_TH_377serum_377serum061012_CONSI_3step377routine_ProductHero_0610_SC2606110191,,,
combo:视黄醇面霜+视黄醇精华,ad_name 第一段清洗素材后缀后作为产品；清洗 tt/搬运/广告副本/Copy/TikSave/帖子 等尾巴,19,25.88,0.0,0,combo:视黄醇面霜+视黄醇精华 / 图片 / US,combo:视黄醇面霜+视黄醇精华__图片_US_Franco_RETINOL-STOCKUP-01-2506_conv_duo-promo_retinol-stockup copy_SC2606260050,,,
早C晚A 视黄醇VC面霜两件套,ad_name 第一段清洗素材后缀后作为产品；清洗 tt/搬运/广告副本/Copy/TikSave/帖子 等尾巴,50,22.58,0.0,0,早C晚A 视黄醇VC面霜两件套 / image / US,早C晚A 视黄醇VC面霜两件套__图片_US_Franco_DAYNIGHT-SALE-01-2406_conv_routine-promo_day-night-routine_0624 copy_SC2606240512,,,
377套组,ad_name 第一段清洗素材后缀后作为产品；清洗 tt/搬运/广告副本/Copy/TikSave/帖子 等尾巴,30,16.17,56.88,1,377套组 / image / US,377套组__image_US_Franco_SRC_serum_serumw203_CONSI_socialproof_ProductHero_0609 copy_SC2606090569 - Copy,,,
水感防晒,ad_name 第一段清洗素材后缀后作为产品；清洗 tt/搬运/广告副本/Copy/TikSave/帖子 等尾巴,2,15.1,0.0,0,水感防晒 / 视频 / [IG ORDER]-SX-SS-504-16-TT-AL.MM-IG,水感防晒__视频_[IG ORDER]-SX-SS-504-16-TT-AL.MM-IG_JJJnHZ20260504044254,,,
2件套：有色唇部精华+金色/水光气垫,ad_name 第一段清洗素材后缀后作为产品；清洗 tt/搬运/广告副本/Copy/TikSave/帖子 等尾巴,4,13.95,0.0,0,2件套：有色唇部精华+金色/水光气垫 / 帖子 / krizia,2件套：有色唇部精华+金色/水光气垫_帖子__krizia_raso-DXukK1sDr27_US-DXukK1sDr27,,,
PDRN3件套,ad_name 第一段清洗素材后缀后作为产品；清洗 tt/搬运/广告副本/Copy/TikSave/帖子 等尾巴,18,12.64,0.0,0,PDRN3件套 / 图片 / US,PDRN3件套__图片_US_Franco_PDRN-ROUTINE-SALE-01-1806_conv_product-trio_PDRN-glow_0619 copy_SC2606210022 - 广告副本,,,
3772件套,ad_name 第一段清洗素材后缀后作为产品；清洗 tt/搬运/广告副本/Copy/TikSave/帖子 等尾巴,84,12.05,0.0,0,3772件套 / 图片 / US,3772件套__图片_US_Franco_ID_377serum_377serum061013_CONV_darkspotduovalue_ProductHero_0610_SC2606110190,,,
神经酰胺洗面奶 + 神经酰胺爽肤水 + 神经酰胺精华液 + 神经酰胺保湿霜,ad_name 第一段清洗素材后缀后作为产品；清洗 tt/搬运/广告副本/Copy/TikSave/帖子 等尾巴,57,11.26,0.0,0,神经酰胺洗面奶 + 神经酰胺爽肤水 + 神经酰胺精华液 + 神经酰胺保湿霜 / 帖子 / mariami,神经酰胺洗面奶 + 神经酰胺爽肤水 + 神经酰胺精华液 + 神经酰胺保湿霜_帖子__mariami___k-DVLBRCTjB_E_US-DVLBRCTjB_E,,,
亚马逊白泥泥膜棒,ad_name 第一段清洗素材后缀后作为产品；清洗 tt/搬运/广告副本/Copy/TikSave/帖子 等尾巴,31,9.76,109.29,1,"亚马逊白泥泥膜棒 / 视频 / [TT HOME]-SX-CS-508-2-TT-LS.MM-US store, IG",亚马逊白泥泥膜棒__视频_[TT HOME]-SX-CS-429-11-TT-LS.RN-US store_JJ7btP20260429121722,,,
美白洗面奶,ad_name 第一段清洗素材后缀后作为产品；清洗 tt/搬运/广告副本/Copy/TikSave/帖子 等尾巴,12,9.74,0.0,0,美白洗面奶 / 图片 / US,美白洗面奶__图片_US_Franco_ROSECLEANSER-01_consi_ingredient-education_rose-cleanser-glow_0611 copy_SC2606150577,,,
气垫+唇部精华,ad_name 第一段清洗素材后缀后作为产品；清洗 tt/搬运/广告副本/Copy/TikSave/帖子 等尾巴,37,8.93,0.0,0,气垫+唇部精华 / 图片 / BC-2005-3-DAILY-Jasmine.NT-9-16 -PUGC-SHADES-IGS-GAVINA-ORI copy,气垫+唇部精华__图片_BC-2005-3-DAILY-Jasmine.NT-9-16 -PUGC-SHADES-IGS-GAVINA-ORI copy_SC2605210429,,,
水光2件套,ad_name 第一段清洗素材后缀后作为产品；清洗 tt/搬运/广告副本/Copy/TikSave/帖子 等尾巴,13,8.83,0.0,0,水光2件套 / 视频 / [IG ORDER]-SX-PCS+BSS-318-9-TT-LS.NC-SKT.GLOBAL,水光2件套__视频_[IG ORDER]-SX-PCS+BSS-318-9-TT-LS.NC-SKT.GLOBAL_JJlWlP20260318030702,,,
底妆5件套,ad_name 第一段清洗素材后缀后作为产品；清洗 tt/搬运/广告副本/Copy/TikSave/帖子 等尾巴,11,7.75,0.0,0,底妆5件套 / 帖子 / nuwensputra-DXoyLboyQkK,底妆5件套_帖子__nuwensputra-DXoyLboyQkK_US-DXoyLboyQkK,,,
多件套,ad_name 第一段清洗素材后缀后作为产品；清洗 tt/搬运/广告副本/Copy/TikSave/帖子 等尾巴,1,3.55,0.0,0,多件套 / 帖子 / dupontflugc-DXUkKlSDpQo,多件套_帖子__dupontflugc-DXUkKlSDpQo,,,
有色面霜三件套,ad_name 第一段是非产品前缀，第二段提取为产品,23,3.35,0.0,0,图片 / 有色面霜三件套 / HT,图片_有色面霜三件套_HT_使用步骤_0603_SC2606040084,,,
彩妆五件组,ad_name 第一段清洗素材后缀后作为产品；清洗 tt/搬运/广告副本/Copy/TikSave/帖子 等尾巴,2,3.04,0.0,0,彩妆五件组 / 图片 / CNeditorSet-01PA,彩妆五件组__图片_CNeditorSet-01PA_SC2606120098,,,
泥膜棒合集：火山+艾草,ad_name 第一段清洗素材后缀后作为产品；清洗 tt/搬运/广告副本/Copy/TikSave/帖子 等尾巴,7,2.57,0.0,0,泥膜棒合集：火山+艾草 / 帖子 / alena.m.ugc-DYXcT9wNwkT,泥膜棒合集：火山+艾草_帖子__alena.m.ugc-DYXcT9wNwkT_US-DYXcT9wNwkT,,,
"2件套泥膜棒：火山+艾草,美白泥膜棒",ad_name 第一段清洗素材后缀后作为产品；清洗 tt/搬运/广告副本/Copy/TikSave/帖子 等尾巴,1,2.0,0.0,0,"2件套泥膜棒：火山+艾草,美白泥膜棒 / 帖子 / strawbanni-DX2","2件套泥膜棒：火山+艾草,美白泥膜棒_帖子__strawbanni-DX2_VDvTNc4",,,
护肤类,ad_name 第一段清洗素材后缀后作为产品；清洗 tt/搬运/广告副本/Copy/TikSave/帖子 等尾巴,21,1.69,0.0,0,护肤类 / image / AI-promo-30%off-set2,护肤类__image_AI-promo-30%off-set2_SC2606230575,,,
5X3件套,ad_name 第一段清洗素材后缀后作为产品；清洗 tt/搬运/广告副本/Copy/TikSave/帖子 等尾巴,22,1.41,0.0,0,5X3件套 / 图片 / 5XS-1105-16-DAILY-Erika.CR-4-5-PUGC-COMBINE-IGF-GAVINA-ADP,5X3件套__图片_5XS-1105-16-DAILY-Erika.CR-4-5-PUGC-COMBINE-IGF-GAVINA-ADP_SC2605120489,,,
